aa	aaa	aaaaawww	aaadc	aaahed	aaas	aabomination	aacc	aacf	aachen	aacn	aad	aadel	aadministrator	aaf	aafat	aagaard	aagainstottoman	aage	aah	aaha	aahd	aahed	aahh	aahs	aai	aaii	aaircraft	aaiun	aakbar	aakeem	aaken	aakre	aalders	aalen	aalesund	aalholm	aalls	aalsmeer	aam	aamarit	aamerican	aames	aamo	aamodt	aamram	aanaa	aand	aanlysts	aaos	
aap	aapcommittee	aapril	aaqbieh	aaqbiyeh	aar	aaramta	aardal	aardolie	aarea	aarflot	aargau	aargus	aarmed	aaroe	aaron	aaronburr	aaroncopland	aaronfredrick	aaronmarcu	aaronment	aaronmossell	aarons	aaronshikler	aaronson	aaronspelling	aarow	aarp	aarpadvocated	aarpchapter	aarpsaid	aarque	aartment	aarva	aarvik	aasa	aasbeing	aascu	aase	aasen	aashish	aashland	aastate	aatold	aatradition	aattar	aattractive	aau	aaup	aaupcommittee	
aauw	ab	aba	abaand	ababa	ababaairport	abababecause	ababafor	ababagovernment	ababain	ababaon	ababato	ababy	ababysitter	abachelor	abachelors	aback	abackbone	abackby	abackdrop	abacker	abackground	abacklash	abacklog	abackoff	abackpack	abackrub	abackstage	abackup	abackward	abackwhen	abackwoods	abaco	abacommittee	abacoto	abacteria	abacterial	abacteriologist	abacterium	abacus	abad	abadan	abadand	abadanrecently	abadanrefinery	abadantuesday	abadge	abadgering	abadi	abadieh	
abadifor	abadilla	abadillaand	abadiyeh	abadiyeharea	abadly	abadon	abadwas	abady	abag	abahamian	abahani	abahas	abail	abailout	abainst	abait	abajo	abaker	abakery	abakumov	abal	abala	abalance	abalanced	abalcony	abald	abale	abaleven	abalkin	abalkinhas	abalkinsaid	aball	aballad	aballerina	aballet	aballistic	aballistics	aballoon	aballooning	aballot	aballplayer	aballroom	abalmy	abalone	abalonediver	abalsa	abaltimore	abamboo	abamelek	
aban	abanakee	abanana	abancay	abancayan	aband	abandage	abandon	abandonanything	abandonconsideration	abandonday	abandoned	abandoneda	abandonedairport	abandonedand	abandonedbecause	abandonedbicycle	abandonedbuilding	abandonedbuildings	abandonedby	abandonedcar	abandonedcars	abandonedchildren	abandonedcotton	abandoneddisposal	abandonedenvironmental	abandonedfaith	abandonedfirst	abandonedfor	abandonedgovernment	abandonedher	abandonedhideout	abandonedhim	abandonedhomes	abandonedhopes	abandonedhouse	abandonedhouses	abandonedin	abandonedislam	abandonedit	abandonedits	abandonedlong	abandonedmachinery	abandonedmattresses	abandonedmilitary	abandonedmines	abandonedmore	abandonedmost	abandonedmotel	abandonednatural	
abandonednear	abandonedon	abandonedone	abandonedpeople	abandonedplans	abandonedpositions	abandonedremains	abandonedship	abandonedsocialist	abandonedstructures	abandonedtalks	abandonedterrorism	abandonedthe	abandonedtheir	abandonedthem	abandonedtower	abandonedunit	abandonedwaterway	abandonedwells	abandonedwhen	abandonextraordinary	abandongrandiose	abandonhis	abandoning	abandoningangola	abandoningbusiness	abandoningcolor	abandoningmcgraw	abandoningmy	abandoningthe	abandoningthem	abandonits	abandonlow	abandonmandatory	abandonment	abandonmentand	abandonmentcharge	abandonmentcharges	abandonmentof	abandonments	abandonned	abandonparts	abandonpolitical	abandons	abandonshis	abandonsits	abandonsthem	abandonthan	abandonthat	abandonthe	
abandontheir	abandwagon	abang	abangeach	abangkok	abanister	abanjo	abank	abanker	abankers	abanking	abankruptcy	abanned	abanner	abanquet	abaproceeds	abaptismal	abaptist	abar	abarb	abarbecue	abarbed	abarber	abarbless	abarca	abare	abarefoot	abarepresentatives	abaresulted	abargain	abargaining	abarge	abaritone	abarn	abarnacle	abarometer	abarometric	abarracks	abarrage	abarrel	abarren	abarricade	abarrier	abarrio	abartender	abas	abasaid	abascal	abascreening	abase	
abaseball	abaseless	abaseline	abasement	abash	abashed	abasic	abasically	abasis	abasket	abasketball	abaskin	abaspokeswoman	abasque	abass	abassan	abasssheibani	abastion	abat	abatboy	abatch	abate	abated	abatedamage	abatedenough	abatedlittle	abatedsomewhat	abatejob	abatement	abatementand	abatementprocedures	abatementprogram	abatements	abates	abath	abathhouse	abathing	abathroom	abathtub	abating	abatman	abatment	abaton	abattalion	abattered	abatteries	abattering	abattery	abattle	abattlefield	
abattleground	abattleship	abavarian	abawdy	abawill	abay	abaya	abayonet	abayou	abayside	abb	abba	abbadabba	abbado	abban	abbas	abbasairport	abbasea	abbasi	abbass	abbassiya	abbaswas	abbaszaferian	abbate	abbatial	abbatoir	abbe	abbedavid	abbegregoire	abbell	abbenante	abberley	abbeville	abbey	abbeyfor	abbeyfrom	abbeykonowitch	abbeyville	abbhad	abbie	abbiebelieved	abbiecomes	abbiefelt	abbiehoffman	abbiepolin	abbitt	abbofors	abbot	abbotcostello	abbotsford	
abbott	abbottabad	abbottlaboratories	abbottsaid	abbottscientist	abbottwas	abboud	abbouds	abboudsaid	abbout	abbouthas	abbreviated	abbreviatedbecause	abbreviatedminutes	abbreviatedpre	abbreviatedprocedure	abbreviatedtrading	abbreviates	abbreviatesthe	abbreviation	abbreviationfor	abbreviations	abbrted	abbut	abbwould	abby	abbyaldrich	abbyjoseph	abbynell	abbyvirus	abc	abcabout	abcaffiliate	abcafterschool	abcanchorman	abcand	abcannounced	abcbill	abccircle	abccolor	abccorrespondent	abcdrama	abceight	abcemployees	abcentertainment	abcess	abcesses	abcexecutives	abcexecutivies	abcfamily	
abcfinished	abcfirst	abcfounder	abcfrom	abchad	abchas	abcin	abcinc	abcincident	abcis	abcmega	abcmidseason	abcminiseries	abcmissed	abcmystery	abcnetwork	abcnews	abcnormally	abco	abcoe	abcoperates	abcpicked	abcproducer	abcprogram	abcpromo	abcreport	abcs	abcsaid	abcsaturday	abcseries	abcseven	abcspecial	abcspokesman	abcspokesperson	abcspokeswoman	abcsports	abcsunday	abctelevision	abcthat	abctv	abcvideotape	abcwas	abcwill	abcwith	abcworld	abd	abdal	abdala	abdalla	abdallah	
abdallahabderrahmane	abdallahi	abdallahmuhammad	abdallahnouri	abdallahy	abdallasr	abdallazakout	abdaslam	abdcutedlast	abdeen	abdel	abdelafuzughgair	abdelaziz	abdelhag	abdelhamid	abdelhaq	abdelkader	abdelkarim	abdelkrim	abdellah	abdellatif	abdelllah	abdelmasih	abdelnahab	abdelnasser	abdelnour	abdelrahman	abderabou	abderezak	abderrahman	abderrahmane	abderrahmanebecame	abderrahmanefor	abderrahmanewas	abdi	abdic	abdicate	abdicated	abdicatedthe	abdicatedtoo	abdicates	abdicating	abdication	abdicationwould	abdieladames	abdilla	abdirahman	abdnor	abdo	abdobenitez	
abdol	abdolghanirakhshani	abdolhamid	abdolhassan	abdolhussein	abdolkarim	abdollah	abdollahnouri	abdolrahman	abdomen	abdomenand	abdomenas	abdomenbefore	abdomenby	abdomencrossed	abdomendealt	abdomenduring	abdomens	abdomensunday	abdomenwas	abdominal	abdominalartery	abdominalbleeding	abdominalcavity	abdominalinfection	abdominalinjuries	abdominalpain	abdominalpains	abdominals	abdominalsurgery	abdominaltransplant	abdominaltransplants	abdon	abdou	abdoulgassim	abdoun	abdouramane	abdrabbou	abdu	abdualem	abduct	abducted	abducteda	abductedabroad	abductedaccidentally	abductedafter	abductedalec	abductedalong	abductedand	abductedat	
abductedby	abductedfive	abductedformer	abductedfrom	abductedguests	abductedhas	abductedheather	abductedher	abductedhim	abductedin	abductedlast	abductedmarch	abductedmuch	abductedover	abductedsaid	abductedthe	abductedthem	abductedwith	abducting	abductingand	abduction	abductionand	abductionby	abductionfeb	abductionfriday	abductionmay	abductionnear	abductionof	abductionon	abductions	abductionscame	abductionsoccurred	abductionstate	abductionthat	abductionwas	abductobeid	abductor	abductormay	abductors	abductorsdemand	abductorsfled	abductorsfrom	abductoruntil	abduk	abdul	abdula	abdulaziz	abdulfatah	abdulfattah	abdulgaffar	
abdulgasazi	abdulgawibedawi	abdulgayoom	abdulghaffar	abdulhamid	abdulhasan	abduljabbar	abdulkadir	abdulkarim	abdulla	abdullah	abdullahabdul	abdullahal	abdullaharandez	abdullahas	abdullahghaderi	abdullahi	abdullahibrahim	abdullahmuthannah	abdullahrahman	abdullahsaid	abdullahwas	abdullatif	abdullehba	abdullkah	abdulmutallib	abdulraheem	abdulrahim	abdulrahman	abdulranni	abdulraouf	abdulrasul	abdulsaid	abdulsalam	abdulto	abdulwakil	abdulwali	abdur	abdurakhim	abdus	abdussalaam	abdussalam	abdut	abdy	abe	abeach	abeachcomber	abeachcombing	abeachgoer	abeachside	
abeacon	abeaded	abealready	abeam	abeand	abear	abearable	abeard	abearded	abearing	abearish	abeat	abeating	abeatles	abeautiful	abeauty	abebe	abecalmed	abecedary	abechtel	abed	abedal	abedarrahman	abedatta	abeddistrict	abedel	abedgalla	abedin	abednego	abedouin	abedrabbo	abedraggled	abedroom	abedrop	abedside	abedtime	abeech	abeefsteak	abeeline	abeeper	abeer	abegglen	abeginning	abehavior	abehavioral	abehemoth	abehind	abehirschfeld	abeige	abeijing	
abeirut	abel	abela	abelag	abelannounced	abelardo	abelated	abelbeltran	abele	abelfast	abelgian	abelgrade	abelhernandez	abelief	abeliever	abelieving	abeliuk	abell	abellano	abellboy	abellman	abello	abellosilva	abellsaid	abellwether	abelow	abels	abelson	abelt	abeltasman	abemichael	abemused	abenaki	abenakis	abench	abenchlike	abenchmark	abend	abendan	abendancontinued	abendblatt	abendblattreported	abender	abendzeitung	abenediction	abenefactor	abeneficial	abeneficiary	abenefit	abenefits	
abenevolent	abengal	abenghazi	abenguela	abenign	abenina	abeninatold	abeokuta	aberation	aberbach	aberbachsaid	abercrombie	abercrombieagreed	aberdares	aberdaresmountains	aberdeen	aberdeenproving	abereaved	aberesnick	aberetta	abergavenny	abergner	abering	aberjil	aberkeley	aberlin	aberliner	aberlinerin	abernathy	abernathyand	abernathysaid	abernathyuntil	aberra	aberrant	aberration	aberrational	aberrationalbehavior	aberrations	aberrationsas	aberrationsor	aberry	abesancon	abespectacled	abest	abestolar	abestos	abestseller	abet	abeta	abete	
abeti	abetrayal	abetted	abettedin	abetter	abetters	abetting	abettingan	abettingbank	abettingeach	abettingin	abettinginterstate	abettingobstruction	abettingor	abettingthe	abettor	abettors	abetween	abeverage	abeverly	abevigoda	abewildered	abewildering	abex	abeyance	abeyaratna	abeyegoonesekera	abeyta	abeyweera	abgoosht	abhar	abhor	abhorapartheid	abhorred	abhorrence	abhorrenceof	abhorrent	abhors	abhorsanything	abi	abia	abiased	abible	abiblical	abibliographic	abicameral	abicentennial	abicobas	abicycle	abicyclist	
abid	abidance	abidder	abidding	abide	abideby	abided	abides	abidewith	abidin	abidine	abiding	abidingby	abidingcitizen	abidingcitizens	abidingcommitment	abidingfaith	abidingfigure	abidingpeople	abidingresidents	abidingstrictly	abidjan	abie	abienathan	abierno	abig	abigail	abigailalling	abigailfolger	abigailvan	abigale	abigamist	abigger	abigraphical	abike	abil	abilateral	abilaterally	abilene	abilenechristian	abilenereporter	abililty	abilingual	abilio	abiliodiniz	abilities	abilitiesand	abilitiesare	abilitiesleave	abilitiesnearly	
